name	category	tag	user
Python Tips and Tricks	Programming Languages	PythonProgramming	jsmith
Exploring Java Design Patterns	Programming Languages	JavaDevelopment, SoftwareEngineering	alane
Advanced Concepts in C#	Programming Languages	CSharpProgramming	mroberts
Introduction to React.js	Web Development	ReactJSFramework, JavaScriptCoding	esmith
Creating Stylish Websites with HTML5 and CSS3	Web Development	HTML5Development, CSS3Styling	bjohnson
Building Blogging Platforms with Ruby on Rails	Web Development	RubyOnRails	clarkin
PHP Development Best Practices	Web Development	PHPDevelopment, SQLDatabase	swhite
Node.js Web Server Setup	Web Development	NodeJSProgramming	hnguyen
Learning C++ Basics	Programming Languages	CPlusPlusCoding	lcooper
Swift Programming Fundamentals	Programming Languages	SwiftProgramming	tward
Android App Design Principles	Mobile App Development	AndroidAppDevelopment, JavaDevelopment	dmartin
iOS App Development with Swift	Mobile App Development	iOSAppDevelopment, SwiftProgramming	pphillips
Angular Framework Deep Dive	Web Development	AngularDevelopment, JavaScriptCoding	jturner
Introduction to Machine Learning	Data Science and Machine Learning	MachineLearningAlgorithms, PythonProgramming	jadams
Understanding Cloud Computing Basics	Computer Science Fundamentals	CloudComputingPlatforms	kmiller
Data Science Projects Showcase	Data Science and Machine Learning	DataScienceProjects	rwilliams
SQL Database Management Techniques	Web Development	SQLDatabase	cgrant
Creating Responsive Websites with Bootstrap	Web Development	WebDevelopmentTools, HTML5Development	gcohen
Advanced React.js Concepts	Web Development	ReactJSFramework, JavaScriptCoding	rking
Data Visualization in Python	Data Science and Machine Learning	DataScienceProjects, PythonProgramming	nstewart
Java Spring Framework Overview	Programming Languages	JavaDevelopment	jsmith
Building RESTful APIs with ASP.NET	Programming Languages	CSharpProgramming	alane
JavaScript Framework Comparison	Web Development	JavaScriptCoding	mroberts
CSS Flexbox and Grid Layouts	Web Development	CSS3Styling	esmith
Ruby on Rails Deployment Strategies	Web Development	RubyOnRails	bjohnson
PHP Database Connectivity	Web Development	PHPDevelopment, SQLDatabase	clarkin
Node.js Real-Time Applications	Web Development	NodeJSProgramming	swhite
Advanced C++ Programming Techniques	Programming Languages	CPlusPlusCoding	hnguyen
iOS App Design Patterns	Mobile App Development	iOSAppDevelopment, SwiftProgramming	lcooper
Android Material Design Principles	Mobile App Development	AndroidAppDevelopment	tward
Angular Services and Dependency Injection	Web Development	AngularDevelopment, JavaScriptCoding	dmartin
Introduction to Natural Language Processing	Data Science and Machine Learning	MachineLearningAlgorithms, PythonProgramming	pphillips
Cloud Computing Platforms Comparison	Computer Science Fundamentals	CloudComputingPlatforms	jturner
Data Science Tools and Libraries	Data Science and Machine Learning	DataScienceProjects, PythonProgramming	jadams
SQL Database Optimization Techniques	Web Development	SQLDatabase	kmiller
Advanced CSS Styling Techniques	Web Development	CSS3Styling	rwilliams
React.js State Management	Web Development	ReactJSFramework, JavaScriptCoding	cgrant
Machine Learning Applications in Business	Data Science and Machine Learning	MachineLearningAlgorithms	gcohen
Introduction to NoSQL Databases	Web Development	SQLDatabase	rking
Cloud Computing Security Practices	Computer Science Fundamentals	CloudComputingPlatforms	nstewart