gender	level	isVerified	login	email
male	new	true	jsmith	john.smith@email.com
female	new	true	alane	amanda.lane@email.com
male	new	true	mroberts	mark.roberts@email.com
female	new	true	esmith	emily.smith@email.com
male	new	true	bjohnson	brian.johnson@email.com
female	new	true	clarkin	claire.kinney@email.com
male	new	true	swhite	steven.white@email.com
female	new	true	hnguyen	hannah.nguyen@email.com
female	new	true	lcooper	laura.cooper@email.com
male	new	true	tward	taylor.ward@email.com
male	new	true	dmartin	daniel.martin@email.com
female	new	true	pphillips	patricia.phillips@email.com
female	new	true	jturner	jessica.turner@email.com
male	new	true	jadams	jason.adams@email.com
female	new	true	kmiller	kimberly.miller@email.com
female	new	true	rwilliams	rachel.williams@email.com
male	new	true	cgrant	christopher.grant@email.com
female	new	true	gcohen	gabrielle.cohen@email.com
female	new	true	rking	rebecca.king@email.com
male	new	true	nstewart	nathan.stewart@email.com